"","UV1-A","UV2-A","UV3-A","UV4-A","UV5-A","UV6-A","UV7-A","UV8-A","UV9-A","UV10-A","UV11-A","UV12-A","UV13-A","UV14-A","UV15-A","UV16-A","V1-A","V2-A","V3-A","V4-A","V5-A","V6-A","V7-A","V8-A","V9-A","V10-A","V11-A","V12-A","V13-A","V14-A","V15-A","V16-A","B1-A","B2-A","B3-A","B4-A","B5-A","B6-A","B7-A","B8-A","B9-A","B10-A","B11-A","B12-A","B13-A","B14-A","YG1-A","YG2-A","YG3-A","YG4-A","YG5-A","YG6-A","YG7-A","YG8-A","YG9-A","YG10-A","R1-A","R2-A","R3-A","R4-A","R5-A","R6-A","R7-A","R8-A"
"BV421",0.0041598050560716,0.00029051560535457,0.0897053857538054,0.0639813783430553,0.0648725092440503,0.061933351518135,0.0436364955798889,0.0125059269690504,0.00475799344634766,0.00116288172034152,0.000251361880619088,3.03455718571742e-05,6.65619673491212e-05,0.000155997511943984,5.17556404100282e-05,4.74863699775928e-05,1,0.879552114426424,0.547049948031897,0.304687880806501,0.145649500777219,0.0864406010884684,0.062510839581106,0.0206666916314014,0.00959467657365718,0.00713721099035451,0.00160020181123881,0.000810452965443112,0.000682432146536791,0.000692626603365547,0.000824046489520012,0.000502242005738145,7.10521976497801e-05,0,0,0,0,0,0,0,0,0,0,0,3.87664947597376e-05,0,6.82764156770983e-05,0,0,0,0,0,0,0,0,0,0,0,0,0,0,0,8.96112841134361e-06,0
"cFluor V450",0.00100577484885113,0.000190539970822429,0.00193100771657188,0.0150348912930193,0.0268851468699677,0.0347125249341173,0.0312306483512558,0.0100471891790872,0.00453001478285002,0.00131933233253129,0.000431772591183227,0.000227017764253161,4.79308924765814e-05,0,0,0,0.0787900519369347,0.72508506111877,1,0.644063566807205,0.398237857435581,0.222284459476197,0.184527639935884,0.0613877413489572,0.0319767716491884,0.022766119327268,0.0053225386430916,0.00209682943699129,0.00128577095942367,0.000905129829265239,0.000671691539804924,0.000261162621354603,4.20298819093603e-05,0,0,0,0,0,0,0,0,0,0,8.95790511287531e-06,1.97117860389079e-06,0,0,0,0,0,0,0,0,0,0,0,2.72149734748012e-05,0,1.5287707883885e-06,0,0,0,0,1.88980559629874e-06
"BV510",0.000217427459517982,0,4.01116529332324e-05,0.00312558915043845,0.0237018634861708,0.081676323164929,0.404315781239071,0.343146375082554,0.297803472083413,0.112036004210682,0.0413900791814872,0.0188712209414384,0.0140890568827608,0.013924735705206,0.00865993702777882,0.00599678026277787,0.00113827357267835,0.0239856429744102,0.171695537969473,0.319026247160012,0.671864158356754,0.696613041473522,1,0.738105342336263,0.488444076177115,0.46109000986285,0.156986076824799,0.0752839225894522,0.0546922997807209,0.0394413501799297,0.0286276428535218,0.013002173105711,0.00292968083610182,0.00238822553324922,0.00293262567137776,0.00184087233654811,0.0017284025411894,0.00101877965964445,0.00061740813645307,0.00030967811811491,0.00047120406375092,0.000431537641083409,0.000171489769645798,0.000112371420963419,5.16120654347415e-05,5.81045961275132e-05,0.000416896997109322,0,0,0,0,0,0,0,0,0,0,0,0.000129377712839653,0,0,0,0,6.60209583343749e-05
"V547",0,0.000378140660042362,0,0.000151603152311051,0.000337016866664333,0.00350117717260036,0.0631001076946168,0.0990699115248888,0.123850783838992,0.0530479070174633,0.0197843497221637,0.00932238263232613,0.00652032368039859,0.00615247363450471,0.00401585006039859,0.00258824800979708,0,0.000765466835660742,0.014138835048518,0.0498839410557241,0.27014922634012,0.441772519755189,0.907343885832735,1,0.717655723745331,0.721620279470302,0.245341778348265,0.112636904334943,0.0762464903882277,0.0519259545773523,0.0356107674216545,0.015450371772261,0.00154199990620268,0.00164193769654799,0.00242226728551446,0.0015739430469247,0.00117204550671917,0.00088550315320814,0.000721209025416842,0.000240236480978432,0.000268429792561175,0.000119832770949892,0,0.000161155615726219,0,0,0,0,0,0,0,0,0,0,0,0,2.08470116404212e-05,0,5.72926947292943e-05,4.4115822172603e-05,3.24816734668174e-05,3.4525970369535e-05,0.000105125951902146,0.000288571181427905
"BV570",0.000262890810656014,0,0.00514985124632941,0.00384985475220852,0.00297342327238136,0.00306048641096128,0.00177930794406086,0.0168271515912659,0.226472440561281,0.0786295897070467,0.0249000544360565,0.0113255603185604,0.0063535370864978,0.00598939990044723,0.00355245496964283,0.00195003600593039,0.123599914423964,0.118050585262214,0.0680877141645032,0.038431386483369,0.0168627122678817,0.0101069118828853,0.0369952931145831,1,0.528165358679305,0.573386901048303,0.15921311985128,0.0759165549237788,0.0450333573407713,0.0301830244267936,0.0203416689922713,0.00794541841888231,0,0,0.00392247059775313,0.0893551844857703,0.051027230595966,0.0428677709067858,0.018692241193495,0.0115903882898447,0.00959307969809463,0.00446462681336987,0.00225251706103053,0.00193387541853685,0.00116558024745222,0.0011479576714015,0.533929086879981,0.248552732970723,0.192388984656537,0.0775195880473494,0.0499566339815791,0.0361688074507086,0.0330500175789183,0.0127877568921195,0.00829709955193819,0.00436305039351342,2.77107715100312e-05,0.000137207391729483,0,2.20726223789672e-05,0,0,1.00333291130296e-06,0.000194581771476724
"BV650",7.54971002268493e-05,0,0.00279435491979474,0.00200307607629136,0.00197804248441567,0.00171705132489549,0.00100690580107244,0.000116099612556721,0.000827675198268777,0.0345620386488925,0.16088254390947,0.0724319211842167,0.0512175431314564,0.0436894089257484,0.0243317336810265,0.0149215754805089,0.0724196192459766,0.0669342289975791,0.0400717937973322,0.0224754017226363,0.0101719455681001,0.00588250643258835,0.00415436277947688,0.00312101505006651,0.0201354976125807,0.280106002223443,1,0.462732426965351,0.333950878052733,0.205081705336165,0.127996136255076,0.0529181003768991,0,0,0,1.39440933053734e-05,6.02058269494315e-05,0.00192934407093041,0.0109942387347341,0.00690428578416069,0.00578955641575404,0.00312089106502275,0.0017366336385948,0.00127296824894191,0.000891822645103543,0.000896525979795454,0.00036067736845948,0.00273776300948032,0.0240235289894614,0.183270458545793,0.112252049676374,0.0873192533218941,0.0918233408329826,0.033428815909844,0.0205914392971689,0.0112890727038358,0.118390425095355,0.104691689098611,0.089865406754937,0.0628297037837603,0.042258885228149,0.0245448280679262,0.0220235519368652,0.0106381914783901
"BV711",0,0,0.00264122831656247,0.00191944928811259,0.00160861314109696,0.00156974198529684,0.000695811437901997,0,0,0,0.00312858364133165,0.05216189539272,0.1469946323651,0.130601497245459,0.0921818812098527,0.0627006393449076,0.0780346914793618,0.0716928080750334,0.0420581003239703,0.0234369385247392,0.0108437949619639,0.00627607993764451,0.004591152426298,0.00146137876406912,0.000625252866830863,0.000581513540505283,0.0235777069564171,0.310024941011154,1,0.663152618193575,0.523575324346875,0.240681437165626,0,0,0,0,0,0,0.000144728427412245,0.00423706603338366,0.0343752127722347,0.0505296381254423,0.030176456499359,0.0221019194679186,0.0192237548069109,0.0188012843387811,0.000105766079583934,0,0,0.000651687293582283,0.00620634011257251,0.0343284445912219,0.108531470417154,0.0420228747034726,0.0338986787720996,0.0192975920520217,0.00196218113562321,0.0261855934001061,0.161205000692632,0.261966077922478,0.199233377464337,0.119434851275565,0.140023171987148,0.069722804878249
"BV750",0.000143057794465611,1.71375549134603e-05,0.00184529308168101,0.00127795626291665,0.00111670962276987,0.00110010877511696,0.000691857410597772,0.000276894603836542,0.000288801214769123,6.83422427384829e-05,0.000113392274317644,0.00113595795876615,0.0239678948223138,0.176948773336587,0.154755715725976,0.0931738485147383,0.0485703629855455,0.0453715497393382,0.0267559325119705,0.0149677752406749,0.00716375124666598,0.00425353384536233,0.00363146141110284,0.00223089384058334,0.00117996612335334,0.00142494191187086,0.00114758784401614,0.00597106672658048,0.162150651912594,1,0.945993471269094,0.38507335857048,4.34126721085436e-05,4.2218125759769e-06,0,0,0,0,1.35621348909089e-05,9.64914336882059e-05,0.000707225877682119,0.00575344265833745,0.0214434207439088,0.0407217182697017,0.0271617525312211,0.026457743274282,0.000126051344667137,6.45761837602718e-05,0,0,0,5.06391861578993e-05,0.00467544003833267,0.0176506794799014,0.015417910786509,0.00823351048910171,9.0904044502353e-06,0.000181567563668793,0.00117927771472748,0.00931949534208066,0.0498832180247131,0.0800236237171083,0.0703686248906612,0.0355006043365489
"BV785",5.36453060184083e-05,0,0.0023598881802508,0.00162121825794524,0.00139682748811711,0.00155701178637717,0.00092245431611115,0.000241739288189005,0.000155603324411713,0.000100963649995691,0.000138302396838494,7.41459297781825e-05,0.00160473199806949,0.0351878306375825,0.140755834310579,0.123628437217434,0.0642462474651758,0.0589739134137195,0.0356959421827091,0.0203598113843396,0.00976944411988584,0.00616655966056301,0.00500563283326596,0.0019649577706826,0.00121243803953361,0.00136718664950606,0.001428323463765,0.0016764869136371,0.012194040076318,0.233660918776569,1,0.591467668731674,0,5.12107807573102e-05,4.20492047173147e-05,7.85135949175667e-05,0,0,0,0,3.14355782139239e-05,0.000357039019151896,0.00122801793763727,0.00805759764081944,0.0174346381098871,0.0188616998828277,0.000109530338263531,0,1.21579297701934e-05,0,0,1.00093437179102e-05,0.000404601172270141,0.00492718587434746,0.020563753545959,0.0155696165099944,0.000149620361965762,0.000354474044435129,0.000341804617585904,0.00129494132179307,0.00525339112465163,0.0295077049277325,0.0759966459848316,0.0423275995156296
"cFluor B515",0,1.77948833262719e-06,0,0,0,0,0.0158414381170569,0.00923921644259934,0.00384213078561759,0.000864007731387541,0.000193620450868073,0.000130600573176922,0.000258606402587113,0.000161490074783328,0.000174353513787394,2.59008240853896e-05,3.45005689782966e-05,0,0,6.50118643770607e-05,0.00608261841993103,0.00823640164702137,0.00722716833112264,0.00279864528018363,0.00125598604613382,0.000869904277648048,0.000139193573477459,0.000364700643661845,0.00113792551351245,0.000740435374135343,0.000573698072471552,0.0002022805885814,1,0.834834090203882,0.51251010329708,0.106095992260408,0.0545219074614479,0.0292208676199166,0.00884488380178647,0.0046275284098469,0.00339187425404912,0.0017248068049915,0.000877781201926125,0.000708943640410523,0.00046126566585065,0.000423929084375255,0,0,0,0,0,0,1.17971995623956e-06,0,0,0,2.77366941138516e-05,4.87732616622362e-06,0.000156757590222858,0.000264963881517508,0.000241609519649377,0.000128480323202416,0.00012299936575564,8.12502820175282e-05
"cFluor B532",0.000178743623328011,0,8.29168034432967e-05,0,0,0,0.0134865236329776,0.01545534445513,0.0076605502965065,0.00158867536620248,0.000232616195839711,7.16131739109652e-05,0,0,0,0.00013221986959034,0,0,0,0,0.00269102384231438,0.0122022367285727,0.0152744048653763,0.00598109490857701,0.00257267959784822,0.00164616952742073,0,0,0,0,0,0,0.550561439439267,1,0.806987362203792,0.182849046274539,0.0930701077065184,0.0483604463423407,0.016060690673866,0.00785700066919786,0.00626469137048496,0.00312995855909744,0.00126365524092091,0.00100808327948296,0.000829860187457511,0.000466577795865721,0,0.000278571952641299,0,0,0,0,0,0,0,0,0,4.23732871336421e-05,8.14566462944501e-05,0,0,0,5.33629430438398e-05,4.80736279774041e-05
"cFluor B548",8.5286305847597e-06,0,0,0,0,0,0.00446795360486327,0.0328415109010059,0.026218778293448,0.0088155770578961,0.00322046493921531,0.00162736260596562,0.00128102270539026,0.00127584427998591,0.000988075920342881,0.00070492151067436,0,0,0,0,0.00308618639423135,0.0615762671160648,0.27593847751872,0.175720669799825,0.114782129974149,0.0967452047208488,0.0335483539788704,0.0169033423836579,0.0131737753755122,0.0102049719481981,0.00801788636810187,0.00386779288802997,0.0418489592547445,0.355577255573805,1,0.384455597491926,0.274189543723881,0.175520617294654,0.0982169364462705,0.0626242903314137,0.0554403469745978,0.0329361199812193,0.0207107339785919,0.0183504998343501,0.0146197866697348,0.0154193857430246,0.0166665853253262,0.00862814711652665,0.00575480639456282,0.00244766008379375,0.00154785362145802,0.00122470867673465,0.00124290344547292,0.000704747590318679,0.0011022734370907,0.00065891449142226,0,1.50511508498439e-05,5.14027563208473e-05,0,0,3.4184235607841e-05,0,1.59520323513141e-06
"cFluor B690",2.63828258198355e-06,6.21116639357161e-05,0,0,0,0,0,0,0,0,0.0484890088668493,0.147477616040489,0.124293221769696,0.120653226138364,0.0854867582738078,0.0513769569459719,0,0,0,0,0,0,0,0,0,0,0.115644320007569,0.452157633543459,0.500494437118118,0.324683860853861,0.276413629656602,0.11449978330071,0,4.16568917359033e-05,0,0,1.72005749833436e-05,0.000349971556395646,0.0432529103417769,0.520498409547897,1,0.661845140123368,0.352844737720495,0.315630685425969,0.263057245881938,0.236967341012449,0.000381977451255707,0,0,0.0553221399355026,0.420567383637395,0.55475216438962,0.692348125683218,0.271072520127765,0.222478563669202,0.112409598970889,0.0147114845451578,0.211692991104089,0.517841724980981,0.452249881116857,0.265928771974771,0.196742353914479,0.230160443485254,0.105482027122515
"cFluor BYG575",1.4869125760602e-05,6.47972207038687e-06,0,2.36230240479691e-05,2.65465362838195e-05,6.74728587717484e-05,8.72539962760561e-05,0.00145375250760902,0.043064720342581,0.010262407957308,0.00245016773808982,0.00103352020539548,0.000632588176561748,0.000479886834333388,0.000305518520160208,0.000182594581676373,0.000129459928575262,0.000934780934687765,0.00130776038552619,0.000905024689771339,0.000533295384349114,0.000353021981427342,0.00218496469415834,0.129126108466887,0.0545667338497177,0.0428344642164987,0.00956883676322571,0.0042780263022622,0.00256763447831512,0.00139274330056707,0.000995035435361673,0.000356339513671377,0.000554187622424367,0.000577971091086395,0.00910946115838203,0.38676212552357,0.170060288960019,0.106713310221213,0.0409328598911183,0.0222870322436296,0.0187782303351521,0.00893661165212013,0.00428806797808305,0.00316259609163159,0.00226812638598857,0.00195655198636698,1,0.384480460713028,0.224327943242994,0.0736160956125283,0.0417331049482355,0.0323439295347663,0.0283733592538783,0.00913415888593079,0.00611362105091368,0.00297861667944167,4.57287706134418e-05,2.8806840575651e-05,4.83059712702275e-05,0,1.1181320287519e-05,1.65812463917293e-05,3.84754740424135e-05,0
"cFluor YG584",5.83725962918857e-05,0,0,0,0,0,0,0.000148695238890899,0.0108276501789694,0.00405440997863045,0.00129377200874659,0.000522172613100928,0.000455933202249624,0.000249595338182038,0.000182819388856801,6.10965904485484e-05,0,0,0,0,0,0,0.000207571529902464,0.0566362572552209,0.0450866168656975,0.0309517356237386,0.00983014960694201,0.00347681553607484,0.00257282106038673,0.00144329409585466,0.000936048327224335,0.000387378089000969,0,0,0.000522677861562031,0.0613286636485074,0.0477457854448441,0.0248028546766537,0.0137586425161161,0.00675653369220229,0.00533505895651085,0.00283456843212154,0.00152373971840045,0.001060977189474,0.000730360184263092,0.000631790652525533,1,0.752273729885051,0.392526836871344,0.172231494803668,0.0866111450004739,0.0615174743898729,0.0632294120705005,0.0209781287739459,0.0126051937437122,0.0070030757784097,0,0,5.62023889413573e-05,0,0,3.22114715411823e-05,0,0
"cFluor BYG610",0,0,0,0,0,0,0,0,0.00451659356028083,0.0313852697837653,0.0124995503655965,0.00807600412653965,0.00465258567457213,0.0039273111594369,0.00293273845019864,0.00132724880907484,0,0,0,0,0,0,0,0.00813457162712958,0.0368212280408985,0.173834215089506,0.0503565893326176,0.0323234224006912,0.0185244071656155,0.0116211934320937,0.00894233986182035,0.00330256822541357,0.000610494667336324,3.09964219408108e-05,0.00135856622313162,0.0454622773632153,0.185319396176601,0.545498750505094,0.238089904125647,0.194004416995364,0.174600185794397,0.0787802018845803,0.0406982952642493,0.0362654105094815,0.0262052484341075,0.0218309908672534,0.096621681623076,0.319227644877327,1,0.440863783120294,0.360434792684648,0.299854329499992,0.24765875047927,0.0950485186140399,0.0704320615005121,0.0331278185505729,0.0030764913083785,0.00278827175005306,0.00269685203163103,0.00154847936225852,0.00116594226388975,0.000901275806485419,0.000598010726831291,0.000309875534224429
"cFluor BYG667",0,0,0,0.00246345936633638,0.00303954581578395,0.00126784748563339,0.000241952742691636,0,0.00311941473427785,0.00654143284353383,0.0256825136153055,0.0173629790318112,0.0136910138933571,0.0165938768545461,0.00616716750620503,0.0139835271941913,0,0,0,0,0,0,0,0.00471032781829249,0.00674179424329859,0.00226812996631223,0.120544005654,0.077201660054523,0.0412824496987133,0.0339380083584158,0.0205455785772663,0.0142183087307969,0.0070637924065128,0.00292742277389162,0.00291364960969326,0.0237346654695073,0.0119445821750529,0.0122034933034128,0.453487112980299,0.620781898351977,0.392750048965821,0.205815046196305,0.149217653958076,0.105180585482432,0.0676097122927277,0.0640555651048376,0.0416045665309402,0.0184782371078346,0.0143825233676424,0.877277714122418,1,0.595997263344849,0.573660036727638,0.265720351285531,0.140955278199368,0.0708172742965961,0.110399484889683,0.191888903826842,0.126567927781763,0.085766015776716,0.0683030002759938,0.0423215647351117,0.035754006310028,0.0272417423585724
"cFluor BYG710",0,2.58789670403243e-05,1.64950583786808e-05,1.13673328058274e-05,3.72982279239179e-06,1.47811705250959e-05,4.9455230012453e-05,0.000174913684623893,0.0033798132679807,0.000804217988786471,0.000905467404235303,0.00881378171515228,0.0186110853826436,0.014640951862655,0.00855007120584002,0.00520868461223269,3.75123751762669e-06,8.02625057349053e-07,1.04231398140335e-05,4.88543631141489e-05,1.32774102779978e-05,4.64731727779793e-06,0.000272601437710228,0.00994243317170036,0.00414985926275821,0.00330860235266985,0.00350760718636142,0.0298804360417217,0.0730868125719973,0.0421661811127158,0.0276054773557188,0.0113343386931541,0.000487752384075558,0.000284538339941999,0.00156889468769535,0.0409684682361643,0.0178862910336253,0.0115450641466462,0.00999907161616911,0.059549637348894,0.332350174464758,0.356003890769107,0.188867642569958,0.128225681562257,0.093049421691783,0.0852267984482582,0.093663408888029,0.0350461829253059,0.0210065473200395,0.0207680965063565,0.0991006629315404,0.422851223827064,1,0.327438082200545,0.217335509511808,0.111992222783499,0.000860547475340207,0.0120037000799284,0.0606223897774606,0.0789136332637302,0.0523224085814738,0.0280245092117599,0.0281821231505062,0.0130019608197616
"cFluor BYG781",0,0,0,0,0,0,0,6.69505627971571e-05,0.00191293489748857,0.000496316391037314,9.33613877966905e-05,6.51494633238624e-05,0.000242862122219318,0.00709644693212718,0.0334791777956213,0.024035462711185,0,0,0,0,0,0,3.10682708307128e-05,0.00560377953758423,0.0023484833642546,0.00193936367567719,0.000464287097441874,0.000245854973059803,0.000855467784779458,0.0224780621684944,0.112429635324834,0.0542683609663011,0.000787752504989804,0.000414344437109804,0.00175660363882919,0.0252578332692716,0.0113183157536811,0.00745234358589543,0.00307766085961933,0.00186871634791979,0.00189785817077376,0.00795248988542412,0.0241758333134598,0.213571075122085,0.471211881527896,0.412047691189486,0.0576023665984694,0.0209272085979068,0.012827069961721,0.00455899572791121,0.00296360500698983,0.00257340044071764,0.0158145048239698,0.235371469407668,1,0.549100116273953,3.18355450607027e-05,7.87920364013009e-05,7.13322720435539e-05,0.000551704558610353,0.00229626084922614,0.0180687910595197,0.0502693485403866,0.0230968810154179
"cFluor R659",0,0,0,0,0,0,0,0,0,0.000795097227222506,0.0683427145542495,0.0217736981907908,0.0185237371882502,0.0225730866589386,0.00989376656448023,0.00758757624417714,0,0,0,0,0,0,0,0,0,0.00235210832998453,0.200391866889906,0.0644049885381024,0.0502967915313144,0.0468307736957757,0.0224766720710995,0.0111246154999321,0,0,0,0,0,0,0.0244648810733337,0.0162955196684955,0.00850242326879299,0.00586045362493535,0.00485184796079914,0.00345970365375827,0.00197170637560462,0.00210620277531417,2.30399236265798e-05,0.000123185933570352,0.00445655887890856,0.448136926301442,0.266974202694659,0.129630663535311,0.174641621577967,0.0913781449460118,0.0437113338298791,0.0281594381140645,1,0.843896168650136,0.454402711400227,0.378698100313224,0.400573130904951,0.211893642346011,0.162900189955217,0.0977912739024018
"cFluor R668",4.01371279966001e-05,0,0,0,0,0,0,0,0,0,0.00436242196670377,0.00372251935573905,0.00243457380399728,0.00263044288059911,0.00165440519151595,0.0010065837198749,0,0,0,0,0,0,0,0,0,0,0.0047220706592299,0.00390488668010116,0.00243305857601053,0.00198585340934059,0.00126704672874091,0.000519944907641744,0,1.89426469736883e-05,0,0,0,0,0.00521874197924887,0.00804623646893307,0.00576448724066031,0.00272146887684565,0.00206447391922082,0.0016544500909413,0.000915752404010663,0.000994028101444147,0.000145423750167698,0,0.000330066953527377,0.106763301631827,0.141086328176626,0.0913329727486121,0.0789002794471417,0.0392277330446848,0.0208935274409651,0.0112703212105162,0.502305214281645,1,0.728098528062533,0.450083823734837,0.381168253651437,0.242742525654816,0.197502080004522,0.0963753859388805
"cFluor R685",0,8.90669841914134e-05,7.08956048734981e-06,0,0,0,0,0,0,0,0.00605507966173263,0.0178224482669054,0.0114444735563261,0.0120594276498144,0.00889920577269544,0.00498727700339274,0,0,0,0,0,0,0,0,0,0,0.0160998337339932,0.0499332052220953,0.0321212738293979,0.0242268551002247,0.0195679504836185,0.00676336150645873,3.88657638205106e-05,0,0,0,0,0,0.000966702861074673,0.00526884953231762,0.0082935859157078,0.00357259862856442,0.00211984098369908,0.00225946962797515,0.0014647905339165,0.0013211917913576,0.000702100264221898,0.000357045574439286,0.000266616613941705,0.0236472273657108,0.0947691522838763,0.136944980809394,0.107669590667871,0.0495005295055163,0.0374589049269018,0.016695211517746,0.0883003577283284,0.642065707501734,1,0.548311071583662,0.363961827501715,0.318331066841432,0.291522213740573,0.123867711857951
"cFluor R720",0,4.61007066886274e-05,8.40617931733824e-05,4.71279029992098e-05,0,0,0,0,0,0,0.000302151469616301,0.00944148919969469,0.04025250251023,0.0359867310502605,0.0247548452206128,0.0244440245382798,0.000456463512785759,0.00101238839280454,0.000872408692992139,0.000214289795263228,0.000251977334824114,0.000214997452152377,0.000192499645511658,0,0,0,0.00104918179992017,0.0256009285707954,0.137236904451343,0.0944289176286114,0.0707724479270118,0.044924261668315,6.01748334618949e-05,0.000223682334304432,0.000181293289535826,0,8.19160064924308e-05,9.074908045454e-05,4.14325922823312e-05,0.000220277856825209,0.0025832787819233,0.00445335091707928,0.00287521190842925,0.00187678990602135,0.00187721867097648,0.002271938648913,0.000143977093743012,0.000175566671064599,0.00101711366543166,0.00102616731044168,0.00332021019123982,0.0229408722148369,0.107246890480161,0.0413442458563315,0.0337015174008674,0.0259668001775232,0.00281925314932214,0.0454334613666613,0.439133769338268,1,0.842815036369922,0.427940931108812,0.576466513897689,0.371635017057878
"cFluor R780",0.000284095524130321,0,0,0,0,0,0,0,0,0,0.00226257254275887,0.00070042504963536,0.000790188153826574,0.00748249811724657,0.042817198253742,0.0403968365341979,0,0,0,0,0,0,0,0,0,0,0.0062086506507728,0.0018566507923235,0.0019242272512877,0.018038346548423,0.108690440295799,0.068099290676433,1.21987705903659e-06,0,0,0,0,0,0.000582560771727752,0.000404231243433198,0.000406869185881404,0.000225357845987888,0.000400646693436319,0.00389649899892474,0.0103652056487424,0.0109575895613566,0.00019386824284195,0,0,0.015817133745746,0.00936022449870687,0.00523039330675607,0.00799754257536731,0.0374621881321801,0.197267533845235,0.137070408323314,0.0383207937005359,0.0318015689990632,0.0182199678917129,0.0246682072905858,0.0416014772513646,0.289200783412208,1,0.563377318981616
"cFluor R840",0,0,0,0,0,0,0,0,0,0,0.00581445669838762,0.00212764305052823,0.00205222180578009,0.00263240605983285,0.0158669291670946,0.0719625409157901,0,0,0,0,0,0,0,0,0,0,0.0159752000915828,0.00553560029821577,0.00485522871269886,0.00616169490528709,0.0492557790863007,0.150245568532643,0,0,0,0,0,0,0.00198732504686175,0.0013948724076326,0.000656953794209008,0.000786700238384136,0.000212223296773371,0.00104417402829446,0.00637899577008977,0.028922881714129,0.0011526519970508,0.000319212349634775,0.000436814889483403,0.0372442016672359,0.0212410924531518,0.0120931528003092,0.0171447175127481,0.0110620333698656,0.069121981458323,0.222494402702122,0.0983125393364646,0.0776871263798647,0.048470017598779,0.0628522349846984,0.0437058541843101,0.0581553572788921,0.424076838972921,1
"ViaDye Red",0,0,0.00125374734549182,0,0,0,0,0,0,0,0,0.0025703217232783,0.00872618627249639,0.0197709396649262,0.0200033717037041,0.0168085362425586,0,0,0,0,0,0,0,0,0,0,0,0,0.00221910684551402,0.00953268461496768,0.0145026970807262,0.00639928624629346,0,0.00654476847227484,0.0179323679211907,0.0102381269062772,0.0103830710536408,0.00651905876559456,0.00663074512432309,0.0079588306971647,0.0297574624274455,0.0394630476466681,0.0519254903231817,0.0680080871486254,0.0648241366772694,0.0621014478141291,0.00150621982543462,0,0.00366762692416956,0.0298510922535353,0.0553733757802872,0.107653275254539,0.304907953559863,0.325836057687767,0.361078418931227,0.205512770022134,0.0236288589304815,0.0891949616126697,0.258776234851659,0.423398800983026,0.689332433030487,0.805285228978879,1,0.491516928508423
